nama_barang,avg_margin
BERAS,-36509.7411211585
DAGING,71215.9226095299
MIGOR,6150.269007785324
TEPUNG,6554.753117206983
GULA,-41688.417861639726
